Cross Pendant Necklace,JNL001,Unisex,Necklace,10k,16.5,2.29,0,8875,/Image/JNL001.jpg,Available
Bezel Solitaire Necklace,JNL004,Female,Necklace,18k,16,0.57,0,8875,/Image/JNL004.jpg,Available
Curb Chain Necklace,JNL005,Male,Necklace,21k,16,3.68,0,8875,/Image/JNL005.jpg,Available
Horse Signet Ring,JR002,Male,Ring,14k,11,4.77,0,8875,/Image/JR002.jpg,Available
Tri-Color Band Ring,JR003,Female,Ring,18k,6,2.61,0,8875,/Image/JR003.jpg,Available
Greek Key Eternity Band,JR004,Unisex,Ring,18k,8,0.97,0,8875,/Image/JR004.jpg,Available
Cuban Link Bracelet,JB003,Male,Bracelet,18k,8,20.21,0,8875,/Image/JB003.jpg,Available
Floral Cluster Link Bracelet,JB005,Female,Bracelet,21k,7,7.91,0,8875,/Image/JB005.jpg,Available
Gold Plain Hoop Earrings,JE001,Unisex,Earrings,10k,,1.29,0,8875,/Image/JE001.jpg,Available
Chain-Link Hoop Earrings,JE002,Female,Earrings,14k,,2.38,0,8875,/Image/JE002.jpg,Available
Puffed Heart Studs,JE005,Female,Earrings,21k,,2.1,0,8875,/Image/JE005.jpg,Available
Pave Heart Bangle,JBG003,Female,Bangle,18k,16,11,0,8875,/Image/JBG003.jpg,Available
Diamond-Cut Pattern Bangle,JBG004,Unisex,Bangle,18k,23,17.78,0,8875,/Image/JBG004.jpg,Available
Heart Tag Pendant,JP001,Female,Pendant,10k,,1.71,0,8875,/Image/JP001.jpg,Available
Pave Lion Head Pendant,JP002,Unisex,Pendant,14k,,15.91,0,8875,/Image/JP002.jpg,Available
Flying Eagle Pendant,JP003,Unisex,Pendant,18k,,9.44,0,8875,/Image/JP003.jpg,Available
AanyaCentric Gold Plated Anklet,JA001,Female,Anklet,10k,25.4,40.7,0,8875,/Image/JA001.png,Available
Mejuri Yellow Gold Chain Anklet,JA002,Female,Anklet,14k,24.1,2.5,0,8875,/Image/JA002.png,Available
GLAMIRA Diamond Women's Anklet Biala,JA003,Female,Anklet,18k,25.4,2.5,0,8875,/Image/JA003.png,Available
David Yurman Yellow Gold Cable Cuff,JC004,Unisex,Cuff,18k,7,24,0,8875,/Image/JC004.png,Available
Nialaya Gold PVD Open Cuff,JC005,Male,Cuff,21k,6.35,14,0,8875,/Image/JC005.png,Available
Jennifer Behr Gladiolus Brooch,JBH003,Women,Brooch,18k,7.6,24,0,8875,/Image/JBH003.png,Available
ASOS DESIGN Sun Brooch,JBH004,Unisex,Brooch,18k,3.8,15,0,8875,/Image/JBH004.png,Available
Sovereign Double Curb Link,JB006,Male,Bracelet,18k,8,4.29,0,8875,/Image/JB006.jpg,Available
Classic Heirloom Curb Link,JB007,Male,Bracelet,18k,8,5,0,8875,/Image/JB007.jpg,Available
 Diamond-Cut Curb Link,JB008,Male,Bracelet,18k,7.3,4.31,0,8875,/Image/JB008.jpg,Available
Floral Etched Plate Curb,JB009,Male,Bracelet,18k,7,4.28,0,8875,/Image/JB009.jpg,Available
Executive Double Curb Link,JB010,Male,Bracelet,18k,8,4.06,0,8875,/Image/JB010.jpg,Available
Sleek Modernist Curb Link,JB011,Male,Bracelet,18k,7,4.76,0,8875,/Image/JB011.jpg,Available
Minimalist  Curb Link,JB012,Male,Bracelet,18k,7,2.49,0,8875,/Image/JB012.jpg,Available
JNL007,Necklace,Unisex,Necklace,18K,18,30,0.00,1125000.00,/Image/JNL001.jpg,Available
